{"type":"Topology","arcs":[[[4299,3948],[2,-1],[-13,-34],[-76,-8],[-28,30],[-94,13],[209,0]],[[1209,3948],[-33,-9],[-9,9],[42,0]],[[3944,335],[69,-8],[8,-141],[-39,-41],[-12,-95],[-40,33],[-80,-83],[-24,6],[-71,4],[-70,101],[-16,79],[-66,103],[3,54],[75,-11],[111,-40],[62,16],[90,23]],[[1471,1352],[-122,-61],[-100,-27],[-22,-62],[-42,-48],[-97,-3],[-73,-11],[-101,22],[-83,-13],[-78,-6],[-69,-63],[-33,6],[-58,-34],[-55,-37],[-84,4],[-77,0],[-121,76],[-62,22],[2,68],[57,16],[20,27],[-4,43],[14,82],[-13,70],[-61,120],[-19,68],[5,67],[-45,77],[-3,35],[-51,47],[-14,93],[-66,93],[-16,51],[50,-51],[-38,110],[57,-35],[34,-46],[-2,61],[-57,93],[-11,37],[-27,36],[13,68],[23,30],[16,59],[-12,69],[47,85],[9,-90],[48,81],[94,40],[55,50],[88,44],[52,9],[32,-14],[91,44],[69,13],[18,26],[30,11],[63,-3],[121,34],[62,53],[30,63],[67,60],[5,48],[3,64],[81,101],[48,-103],[49,24],[-41,56],[36,57],[51,-25],[14,90],[62,58],[28,47],[58,20],[2,33],[50,-14],[2,30],[51,17],[55,16],[85,-54],[64,-71],[71,0],[73,-11],[-24,65],[55,94],[52,31],[-18,30],[50,68],[69,41],[59,-14],[97,23],[-2,60],[-85,39],[62,17],[76,-29],[61,-49],[96,-30],[33,12],[71,-36],[67,34],[43,-11],[27,23],[53,-59],[-31,-63],[-43,-48],[-40,-4],[14,-47],[-34,-59],[-41,-58],[8,-34],[92,-65],[88,-38],[59,-41],[83,-70],[33,0],[60,-30],[17,-37],[110,-40],[76,40],[22,64],[23,53],[15,64],[34,95],[-15,57],[8,34],[-13,68],[15,89],[22,24],[-18,40],[27,63],[22,65],[3,33],[43,45],[32,-58],[8,-74],[29,-15],[5,-49],[41,-61],[9,-67],[-4,-43],[41,-93],[74,45],[38,-50],[55,-46],[-12,-53],[25,-101],[17,-59],[29,-15],[31,-101],[-11,-61],[37,-81],[125,-62],[81,-56],[77,-51],[-15,-29],[66,-74],[44,-128],[46,26],[47,-52],[28,19],[19,-126],[82,-73],[53,-45],[90,-96],[32,-95],[3,-67],[-8,-74],[55,-100],[-7,-105],[-19,-55],[-31,-105],[2,-68],[-23,-85],[-51,-108],[-85,-58],[-42,-92],[-38,-58],[-34,-102],[-44,-59],[-29,-89],[-15,-81],[6,-38],[-66,-41],[-128,-4],[-106,-49],[-53,-46],[-70,-51],[-95,53],[-70,21],[18,61],[-63,-22],[-100,-86],[-100,32],[-65,19],[-65,9],[-112,34],[-74,73],[-21,90],[-27,59],[-56,48],[-111,15],[38,57],[-28,88],[-56,-82],[-102,-22],[60,66],[17,68],[45,58],[-9,88],[-94,-101],[-71,-41],[-44,-94],[-90,49],[3,63],[-71,86],[-61,44],[22,27],[-148,72],[-80,3],[-111,58],[-205,-11],[-149,-43],[-131,-39],[-109,8]]],"transform":{"scale":[0.008709789121169466,0.008446912342125074],"translate":[113.33895307826243,-43.6345972633621]},"objects":{"ne_110m_admin_0_countries":{"type":"GeometryCollection","geometries":[{"arcs":[[0]],"type":"Polygon","properties":{"featurecla":"Admin-0 country","scalerank":1,"LABELRANK":2,"SOVEREIGNT":"Papua New Guinea","SOV_A3":"PNG","ADM0_DIF":0,"LEVEL":2,"TYPE":"Sovereign country","TLC":"1","ADMIN":"Papua New Guinea","ADM0_A3":"PNG","GEOU_DIF":0,"GEOUNIT":"Papua New Guinea","GU_A3":"PNG","SU_DIF":1,"SUBUNIT":"Papua New Guinea","SU_A3":"PN1","BRK_DIFF":0,"NAME":"Papua New Guinea","NAME_LONG":"Papua New Guinea","BRK_A3":"PN1","BRK_NAME":"Papua New Guinea","BRK_GROUP":"","ABBREV":"P.N.G.","POSTAL":"PG","FORMAL_EN":"Independent State of Papua New Guinea","FORMAL_FR":"","NAME_CIAWF":"Papua New Guinea","NOTE_ADM0":"","NOTE_BRK":"","NAME_SORT":"Papua New Guinea","NAME_ALT":"","MAPCOLOR7":4,"MAPCOLOR8":2,"MAPCOLOR9":3,"MAPCOLOR13":1,"POP_EST":8776109,"POP_RANK":13,"POP_YEAR":2019,"GDP_MD":24829,"GDP_YEAR":2019,"ECONOMY":"6. Developing region","INCOME_GRP":"4. Lower middle income","FIPS_10":"PP","ISO_A2":"PG","ISO_A2_EH":"PG","ISO_A3":"PNG","ISO_A3_EH":"PNG","ISO_N3":"598","ISO_N3_EH":"598","UN_A3":"598","WB_A2":"PG","WB_A3":"PNG","WOE_ID":23424926,"WOE_ID_EH":23424926,"WOE_NOTE":"Exact WOE match as country","ADM0_ISO":"PN1","ADM0_DIFF":"","ADM0_TLC":"PN1","ADM0_A3_US":"PNG","ADM0_A3_FR":"PNG","ADM0_A3_RU":"PNG","ADM0_A3_ES":"PNG","ADM0_A3_CN":"PNG","ADM0_A3_TW":"PNG","ADM0_A3_IN":"PNG","ADM0_A3_NP":"PNG","ADM0_A3_PK":"PNG","ADM0_A3_DE":"PNG","ADM0_A3_GB":"PNG","ADM0_A3_BR":"PNG","ADM0_A3_IL":"PNG","ADM0_A3_PS":"PNG","ADM0_A3_SA":"PNG","ADM0_A3_EG":"PNG","ADM0_A3_MA":"PNG","ADM0_A3_PT":"PNG","ADM0_A3_AR":"PNG","ADM0_A3_JP":"PNG","ADM0_A3_KO":"PNG","ADM0_A3_VN":"PNG","ADM0_A3_TR":"PNG","ADM0_A3_ID":"PNG","ADM0_A3_PL":"PNG","ADM0_A3_GR":"PNG","ADM0_A3_IT":"PNG","ADM0_A3_NL":"PNG","ADM0_A3_SE":"PNG","ADM0_A3_BD":"PNG","ADM0_A3_UA":"PNG","ADM0_A3_UN":-99,"ADM0_A3_WB":-99,"CONTINENT":"Oceania","REGION_UN":"Oceania","SUBREGION":"Melanesia","REGION_WB":"East Asia & Pacific","NAME_LEN":16,"LONG_LEN":16,"ABBREV_LEN":6,"TINY":-99,"HOMEPART":1,"MIN_ZOOM":0,"MIN_LABEL":2.5,"MAX_LABEL":7.5,"LABEL_X":143.910216,"LABEL_Y":-5.695285,"NE_ID":1159321173,"WIKIDATAID":"Q691","NAME_AR":"بابوا غينيا الجديدة","NAME_BN":"পাপুয়া নিউগিনি","NAME_DE":"Papua-Neuguinea","NAME_EN":"Papua New Guinea","NAME_ES":"Papúa Nueva Guinea","NAME_FA":"پاپوآ گینه نو","NAME_FR":"Papouasie-Nouvelle-Guinée","NAME_EL":"Παπούα Νέα Γουινέα","NAME_HE":"פפואה גינאה החדשה","NAME_HI":"पापुआ न्यू गिनी","NAME_HU":"Pápua Új-Guinea","NAME_ID":"Papua Nugini","NAME_IT":"Papua Nuova Guinea","NAME_JA":"パプアニューギニア","NAME_KO":"파푸아뉴기니","NAME_NL":"Papoea-Nieuw-Guinea","NAME_PL":"Papua-Nowa Gwinea","NAME_PT":"Papua-Nova Guiné","NAME_RU":"Папуа — Новая Гвинея","NAME_SV":"Papua Nya Guinea","NAME_TR":"Papua Yeni Gine","NAME_UK":"Папуа Нова Гвінея","NAME_UR":"پاپوا نیو گنی","NAME_VI":"Papua New Guinea","NAME_ZH":"巴布亚新几内亚","NAME_ZHT":"巴布亞紐幾內亞","FCLASS_ISO":"Admin-0 country","TLC_DIFF":"","FCLASS_TLC":"Admin-0 country","FCLASS_US":"","FCLASS_FR":"","FCLASS_RU":"","FCLASS_ES":"","FCLASS_CN":"","FCLASS_TW":"","FCLASS_IN":"","FCLASS_NP":"","FCLASS_PK":"","FCLASS_DE":"","FCLASS_GB":"","FCLASS_BR":"","FCLASS_IL":"","FCLASS_PS":"","FCLASS_SA":"","FCLASS_EG":"","FCLASS_MA":"","FCLASS_PT":"","FCLASS_AR":"","FCLASS_JP":"","FCLASS_KO":"","FCLASS_VN":"","FCLASS_TR":"","FCLASS_ID":"","FCLASS_PL":"","FCLASS_GR":"","FCLASS_IT":"","FCLASS_NL":"","FCLASS_SE":"","FCLASS_BD":"","FCLASS_UA":""}},{"arcs":[[1]],"type":"Polygon","properties":{"featurecla":"Admin-0 country","scalerank":1,"LABELRANK":2,"SOVEREIGNT":"Indonesia","SOV_A3":"IDN","ADM0_DIF":0,"LEVEL":2,"TYPE":"Sovereign country","TLC":"1","ADMIN":"Indonesia","ADM0_A3":"IDN","GEOU_DIF":0,"GEOUNIT":"Indonesia","GU_A3":"IDN","SU_DIF":0,"SUBUNIT":"Indonesia","SU_A3":"IDN","BRK_DIFF":0,"NAME":"Indonesia","NAME_LONG":"Indonesia","BRK_A3":"IDN","BRK_NAME":"Indonesia","BRK_GROUP":"","ABBREV":"Indo.","POSTAL":"INDO","FORMAL_EN":"Republic of Indonesia","FORMAL_FR":"","NAME_CIAWF":"Indonesia","NOTE_ADM0":"","NOTE_BRK":"","NAME_SORT":"Indonesia","NAME_ALT":"","MAPCOLOR7":6,"MAPCOLOR8":6,"MAPCOLOR9":6,"MAPCOLOR13":11,"POP_EST":270625568,"POP_RANK":17,"POP_YEAR":2019,"GDP_MD":1119190,"GDP_YEAR":2019,"ECONOMY":"4. Emerging region: MIKT","INCOME_GRP":"4. Lower middle income","FIPS_10":"ID","ISO_A2":"ID","ISO_A2_EH":"ID","ISO_A3":"IDN","ISO_A3_EH":"IDN","ISO_N3":"360","ISO_N3_EH":"360","UN_A3":"360","WB_A2":"ID","WB_A3":"IDN","WOE_ID":23424846,"WOE_ID_EH":23424846,"WOE_NOTE":"Exact WOE match as country","ADM0_ISO":"IDN","ADM0_DIFF":"","ADM0_TLC":"IDN","ADM0_A3_US":"IDN","ADM0_A3_FR":"IDN","ADM0_A3_RU":"IDN","ADM0_A3_ES":"IDN","ADM0_A3_CN":"IDN","ADM0_A3_TW":"IDN","ADM0_A3_IN":"IDN","ADM0_A3_NP":"IDN","ADM0_A3_PK":"IDN","ADM0_A3_DE":"IDN","ADM0_A3_GB":"IDN","ADM0_A3_BR":"IDN","ADM0_A3_IL":"IDN","ADM0_A3_PS":"IDN","ADM0_A3_SA":"IDN","ADM0_A3_EG":"IDN","ADM0_A3_MA":"IDN","ADM0_A3_PT":"IDN","ADM0_A3_AR":"IDN","ADM0_A3_JP":"IDN","ADM0_A3_KO":"IDN","ADM0_A3_VN":"IDN","ADM0_A3_TR":"IDN","ADM0_A3_ID":"IDN","ADM0_A3_PL":"IDN","ADM0_A3_GR":"IDN","ADM0_A3_IT":"IDN","ADM0_A3_NL":"IDN","ADM0_A3_SE":"IDN","ADM0_A3_BD":"IDN","ADM0_A3_UA":"IDN","ADM0_A3_UN":-99,"ADM0_A3_WB":-99,"CONTINENT":"Asia","REGION_UN":"Asia","SUBREGION":"South-Eastern Asia","REGION_WB":"East Asia & Pacific","NAME_LEN":9,"LONG_LEN":9,"ABBREV_LEN":5,"TINY":-99,"HOMEPART":1,"MIN_ZOOM":0,"MIN_LABEL":1.7,"MAX_LABEL":6.7,"LABEL_X":101.892949,"LABEL_Y":-0.954404,"NE_ID":1159320845,"WIKIDATAID":"Q252","NAME_AR":"إندونيسيا","NAME_BN":"ইন্দোনেশিয়া","NAME_DE":"Indonesien","NAME_EN":"Indonesia",